Harry;9876543210;selangor;0123456789;harry@gmail.com;1;null;null;null;null;null;null;null;2;null;null;null;null;null;null;null
Sun;98415122;penang;1615611;sun@gmail.com;1;null;null;null;null;null;null;null;2;null;null;null;null;null;null;null
dfd;dfds;fsgf;sfgdf;adf;1;11/26/2021;10:30am;001;Stadium_Bukit_Jalil;Jalan_Barat;Phizer;BC007;2;null;null;null;null;null;null;null
dfd;dafsda;dfsdaf;gdfg;dafds;1;null;null;null;null;null;null;null;2;null;null;null;null;null;null;null
Peter;peter@gmail.com;9415613;KL;6156152;1;12/03/2021;12:30pm;001;Stadium_Bukit_Jalil;Jalan_Barat;Phizer;BC007;2;null;null;null;null;null;null;null
tom;tom@gmail.com;841561564;perak;9156123123;1;12/10/2021;8:00am;001;Stadium_Bukit_Jalil;Jalan_Barat;Phizer;BC007;2;11/26/2021;11:30am;001;Stadium_Bukit_Jalil;Jalan_Barat;Phizer;BC007
Joan;joan@gmail.com;6018915623;sabah;92121561212;1;12/06/2021;11:30am;001;Stadium_Bukit_Jalil;Jalan_Barat;Phizer;BC007;2;12/30/202;19:00am;001;Stadium_Bukit_Jalil;Jalan_Barat;Phizer;BC007
dfd;dfd;fgf;fgf;dfsd;1;12/15/2021;11:30am;001;Stadium_Bukit_Jalil;Jalan_Barat;Phizer;BC007;2;12/15/2021;11:30am;001;Stadium_Bukit_Jalil;Jalan_Barat;Phizer;BC007
Jason;jason@gmail.com;132165161;johor;80015562313;1;null;null;null;null;null;null;null;2;null;null;null;null;null;null;null
Hi;hi@gmail.com;601427953156;Perlis;90012345218;1;null;null;null;null;null;null;null;2;null;null;null;null;null;null;null
